film,nom
18,Drama
18,Music
69,Action
69,Drama
69,Thriller
3040,Comedy
3040,Romance
3041,Romance
3041,Drama
3041,Comedy
3155,Comedy
3155,Action
3155,Drama
3181,Action
3181,Adventure
3186,Romance
3188,Drama
3188,Comedy
3188,Romance
3189,Action
3233,Music
3233,Romance
3233,Drama
3365,Comedy
3396,Drama
3442,Romance
3442,Action
3447,Comedy
3447,Romance
3452,Drama
3452,Family
3665,Comedy
3665,Thriller
3667,Romance
3667,Comedy
3676,Drama
3676,Thriller
4287,Romance
4287,Comedy
4525,Drama
4525,Romance
4695,Romance
4695,Thriller
4697,Romance
4697,Drama
4699,Comedy
4700,Drama
4700,Romance
5440,Drama
5440,Comedy
5440,Crime
5444,Action
5447,Horror
5606,Comedy
5606,Horror
5646,Drama
5646,Romance
5793,Action
5940,Adventure
5940,Romance
5940,Action
6132,Science Fiction
6132,Thriller
6132,Action
6303,Comedy
6303,Action
6369,Drama
6369,Action
6370,Family
6370,Drama
6629,Drama
6629,Romance
6877,Romance
6877,Comedy
6878,Action
6878,Comedy
6878,Drama
6880,Drama
6880,Action
7182,Crime
7184,Action
7187,Western
7187,Action
7187,Romance
7369,Comedy
7369,Drama
7369,Family
7659,Drama
7659,Romance
7659,Action
7836,Action
7836,Crime
7836,Thriller
7855,Comedy
7855,Action
7855,Crime
8199,Thriller
8199,Drama
8200,Drama
8200,Action
9920,Action
9920,Drama
9920,Comedy
13210,Drama
20770,Romance
20770,Comedy
21590,Action
23820,Drama
23820,Action
23820,Crime
25660,Romance
25660,Action
25660,Drama
30120,Action
30120,Thriller
30950,Animation
32110,Drama
40400,Comedy
40400,Horror
41670,Romance
41670,Comedy
42710,Drama
42710,Romance
42990,Action
42990,Drama
42990,Romance
43500,Crime
43500,Drama
46400,Drama
46400,Comedy
47620,Thriller
48060,Drama
48060,Crime
50440,Drama
50440,Action
53910,Horror
53910,Adventure
57290,Romance
57290,Drama
58090,Romance
58090,Drama
59430,Action
59700,History
59700,Crime
59700,Action
59700,Thriller
63010,Drama
63010,Romance
63340,Comedy
63340,Romance
65100,Drama
65100,Comedy
65100,Romance
65830,Romance
65830,Comedy
66820,Thriller
66820,Action
66830,Comedy
66830,Romance
67690,Thriller
67690,Crime
67990,Romance
67990,Drama
68620,Drama
69710,Family
69710,Adventure
69710,Comedy
73870,Thriller
75220,Romance
75220,Action
75310,Comedy
75310,Romance
79710,Thriller
79710,Action
79710,Romance
80420,Thriller
80420,Comedy
82680,Thriller
82680,Action
84110,Comedy
84110,Romance
84580,Comedy
84580,Action
86870,Adventure
86870,Action
86870,Animation
87680,Crime
87680,Thriller
87680,Action
87690,Romance
88530,Comedy
88530,Romance
88910,Drama
88910,Family
90270,Drama
90550,Crime
90550,Action
90550,Comedy
92880,Horror
92880,Science Fiction
93760,Comedy
93760,Romance
93760,Action
95820,Romance
95820,Action
95820,Drama
95820,Family
98030,Action
98030,Comedy
98030,Thriller
99390,Comedy
99390,Drama
99390,Action
99800,Drama
99800,Adventure
99800,Comedy
99800,Science Fiction
103490,Drama
107250,Romance
109840,Family
109840,Comedy
109840,Drama
111200,Comedy
111200,Horror
111530,Crime
111530,Thriller
112410,Drama
112420,Comedy
112420,Romance
116230,Action
116230,Thriller
116310,Drama
116310,Comedy
116310,Romance
116610,Thriller
116610,Action
119370,Romance
119370,Comedy
119370,Action
120370,Drama
120370,Romance
120370,Action
120390,Romance
120390,Drama
120730,Drama
120730,Action
120730,Comedy
120730,Romance
120880,Drama
120880,History
120880,Romance
123160,Romance
123160,Drama
123170,Drama
123170,Comedy
125810,Comedy
125810,Romance
128470,Action
128520,Action
128520,Thriller
128570,Drama
128570,Action
129340,Drama
129340,Action
130310,Drama
130310,Family
130310,Thriller
130980,Thriller
130980,Crime
130980,Action
131920,Romance
131920,Drama
133120,Family
133120,Drama
135200,Family
135200,Drama
135620,Romance
135620,Crime
135620,Thriller
136450,Drama
136450,Family
137500,Drama
137500,Comedy
137500,Romance
141100,Drama
144920,Documentary
145060,Drama
145060,Fantasy
145060,Romance
145210,Comedy
145210,Drama
146700,Thriller
146700,Drama
147820,Romance
147820,Action
150740,Mystery
150740,Thriller
159320,Drama
159740,Thriller
159740,Horror
160760,Drama
162880,Crime
162960,Family
162960,Drama
163420,Drama
163420,Comedy
163440,Comedy
163440,Thriller
164940,Thriller
164940,Romance
165620,Thriller
165620,Comedy
165620,Crime
167550,Comedy
167550,Romance
168060,Romance
168060,Comedy
168060,Drama
169300,Action
169300,Comedy
169310,Romance
169310,Action
169310,Thriller
169620,Romance
169620,Comedy
169700,Horror
169700,Comedy
169700,Thriller
170540,Family
170540,Action
170540,Crime
170540,Thriller
171790,Family
171790,Drama
172230,Drama
173460,Science Fiction
173460,Drama
174240,Drama
174240,Comedy
178150,Drama
178150,Mystery
178530,Thriller
178530,Crime
178540,Drama
180580,Thriller
180580,Adventure
180580,Action
180740,Thriller
180740,Action
180820,Thriller
180820,Action
180820,Drama
180830,Adventure
180830,Thriller
180830,Action
183730,Drama
183730,Romance
184090,Romance
184090,Comedy
184370,Drama
185600,Action
185600,Comedy
185600,Adventure
186050,Action
186050,Drama
186050,Comedy
186470,Drama
187060,Comedy
187060,Romance
191430,Action
191430,Drama
193340,Action
193340,Thriller
193920,Action
193920,Drama
195430,Crime
195430,Drama
195430,Action
198310,Drama
198310,Romance
200740,Thriller
200740,Comedy
201210,Romance
201210,Thriller
202710,Drama
203100,Drama
203100,Comedy
204160,Thriller
204160,Crime
204160,Action
207440,Drama
207440,Action
208300,Action
208300,Thriller
211700,Romance
212790,Family
212790,Drama
213160,Drama
215880,Drama
215880,Comedy
216620,Drama
216820,Drama
216820,History
220320,Drama
220320,Crime
220320,Mystery
224090,Drama
225910,Drama
225910,Action
228390,Drama
228390,Romance
229330,Thriller
229330,Horror
229990,Drama
231710,Horror
231710,Thriller
234250,Action
234250,Thriller
234250,Drama
9491,Drama
9721,Comedy
9721,Drama
9921,Comedy
9921,Drama
10351,Thriller
10351,Romance
12491,Comedy
12491,Family
12761,Action
12761,Comedy
12761,Drama
13271,Action
13271,Crime
13271,Thriller
13271,Mystery
14311,Action
14311,Comedy
14311,Drama
14791,Romance
14791,Drama
16291,Action
16291,Animation
16291,Adventure
16321,Comedy
23271,Drama
23761,Crime
23761,Drama
24791,Action
24791,Comedy
24791,Drama
26271,Drama
26271,Romance
27301,Comedy
27301,Horror
27981,Thriller
27981,Drama
30021,Thriller
30941,Drama
30941,Comedy
38041,Comedy
38041,Romance
39261,Romance
39491,Thriller
42711,Drama
42991,Action
42991,Comedy
43501,Animation
43501,Action
44141,Drama
44321,Thriller
44321,Crime
44321,Mystery
45101,Documentary
47671,Action
47671,Drama
47671,Romance
47671,Comedy
48561,Family
48561,Comedy
48561,Drama
48571,Comedy
48571,Drama
48571,Family
48901,Drama
48901,Romance
50161,War
50161,Drama
50161,Action
50581,Animation
50581,Comedy
50581,Family
51851,Comedy
51851,Romance
52041,Thriller
52041,Action
53951,Action
53951,Comedy
53951,Crime
57561,Comedy
57561,Action
57681,Comedy
57681,Thriller
58451,Romance
58451,Action
58451,Drama
59711,Drama
107331,Comedy
107331,Adventure
107331,Drama
107651,Comedy
107651,Drama
109371,Comedy
109371,Action
109371,Crime
109831,Family
109831,Drama
110361,Drama
110361,Family
110371,Thriller
110371,Comedy
111521,Comedy
111521,Romance
111911,Drama
111911,Family
111911,Romance
114431,Drama
114431,Comedy
114431,Action
114601,Drama
114601,Comedy
114651,Comedy
114651,Romance
118111,Comedy
118111,Romance
118111,Action
118321,Thriller
118321,Drama
119351,Action
119351,Comedy
120391,Fantasy
120391,Adventure
123071,Romance
123071,Drama
123591,Romance
123591,Comedy
123591,Drama
128221,Action
128221,Thriller
128221,Crime
128511,Comedy
128511,Action
129421,Action
129421,Romance
129421,Horror
130971,Crime
130971,Thriller
133501,Thriller
133501,Crime
133501,Action
134191,Family
134191,Comedy
134191,Action
136881,Family
136881,Comedy
136881,Drama
136881,Romance
137491,Thriller
137491,Drama
137951,Crime
137951,Drama
137951,Mystery
139221,Horror
139221,Comedy
142041,Action
142041,Thriller
142041,Crime
142261,Drama
142261,Crime
142261,Thriller
142781,Comedy
145041,Thriller
145041,Crime
145041,Action
146271,Action
146271,Thriller
146271,Crime
147941,Comedy
147941,Drama
150231,Comedy
150231,Romance
151631,Drama
154581,History
154581,Drama
154581,Action
155381,Action
155381,Drama
155381,Thriller
156461,Family
156461,Comedy
159311,Thriller
159311,Drama
159311,War
159651,Crime
159651,Mystery
159651,Action
160751,Action
160751,Comedy
160751,Romance
161861,Romance
166151,Action
166151,Crime
166151,Comedy
166611,Comedy
166611,Action
166611,Thriller
167541,Romance
167541,Comedy
167541,Adventure
167541,Mystery
170451,Crime
170451,Thriller
171171,Drama
171191,Crime
171191,Drama
171191,History
174881,Comedy
174881,Romance
175821,Thriller
175821,Crime
175821,Action
177221,Drama
177221,Thriller
180821,Family
180821,Action
180821,Romance
180821,Music
184081,Crime
184081,Action
184081,Comedy
186041,Drama
186041,Family
186461,Documentary
190321,Thriller
190321,Mystery
194351,Drama
194351,Action
194351,History
194831,Action
194831,Drama
196261,Drama
199731,Comedy
199731,Drama
199731,Romance
199731,Fantasy
201621,Drama
201621,Crime
201621,Action
201621,Thriller
203701,Drama
203701,Comedy
203701,Romance
205701,Drama
205701,Action
205841,Mystery
205841,Thriller
206001,Comedy
206001,Drama
206001,Family
209611,Drama
209611,Thriller
212231,Action
212231,Fantasy
212231,Drama
212791,Crime
212791,Thriller
212791,Action
212801,Comedy
212801,Action
215811,Drama
215811,Action
215981,Comedy
216321,Comedy
216321,Drama
216331,Drama
216331,Crime
218641,Comedy
218641,Romance
219661,Crime
219661,Action
219661,Thriller
219661,Mystery
222171,Action
222171,Thriller
222171,Drama
223531,Thriller
223531,Romance
223671,Drama
223671,Romance
226021,Thriller
226021,Action
226631,Romance
226631,Thriller
226641,Comedy
226641,Action
226641,Romance
227271,Comedy
227271,Adventure
231711,Romance
231711,Action
231711,Comedy
232761,Comedy
9492,Drama
9492,Crime
10752,Romance
10752,Drama
10752,Action
13602,Romance
13602,Drama
13922,Drama
15562,Drama
15562,Crime
15562,Action
24212,Comedy
24212,Drama
26822,Action
26822,Drama
28552,Romance
28552,Drama
30502,Drama
38222,Drama
38222,Action
38222,Crime
39412,Thriller
40562,Comedy
40562,Romance
40822,Thriller
40822,Action
40822,Adventure
40822,Romance
42712,Romance
42712,Action
42992,Comedy
45212,Comedy
45212,Romance
46002,Action
46002,Comedy
46002,Crime
47252,Comedy
48502,Drama
48502,Romance
48502,Comedy
48572,Drama
48572,Action
48572,Romance
50572,Drama
51422,Comedy
52592,Drama
52592,Fantasy
52592,Action
52892,Drama
53662,Romance
53662,Drama
57602,Comedy
58452,Action
58452,Romance
58452,Drama
58452,Crime
58762,Drama
108402,Romance
108402,Thriller
108402,Music
115212,Drama
115212,Comedy
116112,Documentary
116372,Comedy
116372,Drama
117212,Comedy
117212,Romance
118222,Romance
118222,Comedy
118222,Drama
118602,Family
118602,Comedy
118602,Romance
120372,Comedy
120372,Drama
120732,Action
120732,Romance
122682,Thriller
122682,Romance
123352,Drama
123352,Comedy
124202,Drama
124202,Thriller
124562,Romance
124562,Comedy
124562,Action
124642,Comedy
124642,Drama
125322,Action
125322,Romance
131232,Drama
131232,Action
131232,Thriller
131532,Romance
131532,Drama
131532,Comedy
133122,Action
133122,Drama
135622,Horror
135622,Family
135622,Comedy
139222,Action
139222,Thriller
139592,Comedy
139592,Romance
142632,Drama
142632,Action
142632,Thriller
142742,Thriller
142742,Drama
145042,Action
145042,Adventure
146242,Romance
146242,Adventure
146242,Comedy
146502,Drama
148642,Action
148642,Romance
148642,Comedy
148982,Drama
148982,Romance
151072,Romance
151072,Action
154732,Action
154732,Thriller
154732,Romance
155012,Comedy
155012,Drama
155012,Family
156912,War
156912,History
156912,Action
156912,Thriller
157202,Drama
157712,Action
157712,Thriller
160762,Action
160762,Romance
160762,Comedy
161202,Adventure
161202,Romance
161202,Drama
161202,Comedy
162492,Romance
162492,Adventure
162492,Action
162872,Romance
162872,Drama
163432,Comedy
164512,Family
164512,Drama
166312,Comedy
168052,Action
168052,Crime
168052,Adventure
168052,Thriller
168382,Drama
168382,Comedy
170552,Comedy
170552,Action
170552,Horror
172842,Thriller
174352,Thriller
174352,Horror
174352,Crime
176532,Horror
176532,Thriller
176622,Thriller
176622,Mystery
176622,Crime
176642,Comedy
178542,Drama
178542,Mystery
178542,Family
179132,Action
179132,Crime
179132,Thriller
180632,Comedy
180632,Drama
180822,Comedy
184082,Drama
184082,Comedy
184082,Thriller
184092,Drama
184092,Comedy
185592,Drama
185592,Romance
186042,Comedy
186042,Action
190932,Thriller
193352,Drama
198122,Romance
198122,Action
198122,Drama
199722,Comedy
199722,Adventure
200152,Family
200152,Drama
201122,Drama
202472,Action
202472,Thriller
202472,Crime
202792,Documentary
206622,Romance
206622,Comedy
206622,Drama
208632,Drama
208632,Action
210332,Comedy
212702,Adventure
212702,Thriller
212702,Crime
212702,Action
212792,Drama
212792,Romance
215812,Action
215812,Drama
215882,History
215882,Drama
218032,Mystery
218032,Thriller
218032,Horror
218032,Science Fiction
219072,Thriller
219072,Comedy
219142,Comedy
219142,Thriller
222252,Romance
222252,Drama
223532,Thriller
223532,Crime
223532,Mystery
224592,Drama
229872,Romance
229872,Drama
229982,Crime
229982,Mystery
229982,Comedy
230542,Romance
231692,Drama
233702,Action
233702,Thriller
233702,Drama
8733,Drama
12863,Action
15193,Drama
15193,Comedy
15193,Romance
20013,Drama
20013,Action
20013,Crime
20233,Drama
20583,Thriller
21253,Drama
21253,Romance
21253,Comedy
22873,Action
22873,Comedy
25133,Thriller
25133,Drama
25133,Action
25133,Crime
29783,Crime
29783,Romance
29783,Thriller
29783,Action
29783,Drama
30503,Thriller
30503,Action
32843,Drama
33203,Family
33203,Drama
37803,Comedy
37803,Drama
45603,Action
45603,Comedy
50803,Comedy
50803,Family
50803,Drama
52893,Drama
53323,Comedy
53323,Action
53913,Crime
53913,Thriller
53913,Action
53953,Drama
53953,Comedy
57293,Drama
57293,Comedy
57443,Action
57443,Drama
57513,Family
57513,Drama
57603,Action
57603,Thriller
58453,Drama
58453,Action
59133,History
59133,Drama
106653,Crime
106653,Adventure
106653,Thriller
106653,Action
107653,Family
107653,Comedy
107653,Drama
107653,Action
109833,Drama
109843,Comedy
112413,Romance
112413,Comedy
112413,Drama
114783,Thriller
115213,Romance
115213,Comedy
115213,Drama
115473,Comedy
115473,Romance
119133,Adventure
119133,Fantasy
119133,Action
119953,Fantasy
119953,Mystery
119953,Horror
121423,Drama
125073,Comedy
125073,Action
125073,Romance
129423,Comedy
129423,Romance
130663,Romance
130663,Drama
130973,Thriller
130973,Mystery
134633,Comedy
134633,Drama
135203,Drama
135203,Thriller
135613,Drama
135813,Crime
135813,Thriller
136073,Drama
136083,Romance
136083,Comedy
136083,Drama
136963,Family
136963,Drama
138783,Drama
140723,Family
140723,Drama
141103,Comedy
141103,Horror
141403,Action
141403,Drama
142253,Comedy
142253,Drama
142753,Romance
142753,Drama
142753,Action
143763,Romance
143763,Drama
143893,Comedy
143893,Romance
144153,Drama
148063,Drama
148063,Music
149533,Action
149533,Thriller
151313,Drama
151313,Comedy
154923,Comedy
154923,Family
154923,Drama
155013,Documentary
155013,Drama
155793,Animation
155793,Drama
156443,Horror
156443,Thriller
157793,Crime
157793,Action
157793,Thriller
163433,Comedy
163433,Horror
164513,Romance
164513,Comedy
164513,Drama
165033,Romance
165033,Action
165033,Thriller
167113,Documentary
170543,Action
170543,Thriller
171213,Action
171213,Romance
171213,Thriller
172233,Action
172233,Thriller
172373,Drama
172373,Action
172953,Action
172953,Comedy
172953,Romance
172973,Thriller
172973,Romance
172973,Action
177213,Romance
177213,Drama
177213,Comedy
178743,Drama
178743,Documentary
184093,Thriller
184093,Horror
185603,Action
186293,Comedy
186293,Romance
186453,Drama
186453,Romance
186453,Action
188723,Music
188843,Drama
188843,Crime
188843,Action
188843,Thriller
189303,Drama
189303,Comedy
189313,Family
189313,Drama
190823,Horror
190823,Thriller
192013,Thriller
192013,History
192013,Adventure
192013,Mystery
193103,Drama
196253,Romance
196253,Drama
196713,Drama
198213,Thriller
201213,Thriller
201213,Action
202423,Romance
202423,Drama
206483,Romance
206483,Family
206483,Action
207423,Crime
207423,Drama
207423,Thriller
208923,Mystery
208923,Thriller
217973,Drama
219123,Comedy
219123,Action
219123,Adventure
226123,Drama
226123,Crime
226123,Action
226543,Comedy
229333,Drama
229343,Thriller
229343,Action
229783,Drama
9924,Action
9924,Drama
9924,Comedy
10344,Romance
10344,Comedy
10344,Drama
11624,Drama
11624,Action
11624,Comedy
11774,Mystery
11774,Thriller
11774,Drama
11774,Crime
13534,Crime
13534,Drama
13534,Action
14304,Comedy
14304,Family
15194,Romance
15194,Comedy
16104,Horror
19944,Drama
21064,Mystery
21064,Thriller
23014,Comedy
24514,Drama
24514,Action
24514,Crime
26464,Thriller
26464,Action
29084,Drama
29084,Romance
29084,Comedy
30504,Comedy
33064,Comedy
33064,Romance
33064,Drama
33064,Action
33204,Drama
33204,Comedy
33874,Action
38054,Comedy
38054,Drama
38054,Romance
38054,Family
39264,Fantasy
39264,Thriller
39264,Horror
41064,Crime
41064,Thriller
42714,Action
42714,Comedy
43814,Action
43814,Thriller
44624,Family
44624,Comedy
46864,Crime
46864,Action
46864,Comedy
47084,Comedy
47084,Romance
47094,Action
47094,Fantasy
47094,Comedy
47714,Comedy
47714,Science Fiction
105764,Comedy
105764,Action
107654,Family
107654,Drama
109834,Action
109834,Crime
109834,Drama
110764,Drama
111524,Thriller
111524,Comedy
111524,Horror
111984,Drama
111984,Family
113414,Fantasy
113414,Comedy
115214,Comedy
115614,Drama
115614,Action
115784,Drama
115784,Comedy
116614,Action
116614,Thriller
118214,Drama
118214,Romance
118224,Thriller
118224,Comedy
120364,Romance
120364,Drama
120364,Comedy
120884,Drama
120884,Adventure
121824,Drama
123164,Comedy
128514,Mystery
128514,Action
128514,Thriller
129894,Family
129894,Romance
129894,Drama
129944,Drama
129944,Comedy
130294,Romance
130294,Comedy
130294,Thriller
130294,Action
130304,Action
130304,Comedy
130304,Romance
130724,Thriller
130724,Romance
130724,Action
132254,Family
132254,Romance
132254,Drama
134184,Drama
134184,Crime
134184,Comedy
134184,Thriller
136074,Family
136074,Romance
136084,Comedy
136084,Action
136084,Romance
136454,Comedy
136454,Romance
137734,Drama
137954,Thriller
139644,Fantasy
139644,Horror
139644,Comedy
139924,Crime
139924,Drama
139924,Action
140284,Romance
140284,Comedy
141404,Romance
141404,Comedy
141654,Action
141654,Fantasy
141654,Adventure
142784,Comedy
142784,Drama
142784,Romance
145064,Comedy
146504,Drama
146504,Comedy
146894,Drama
146894,Thriller
146894,Action
155454,Action
155454,Crime
155464,Thriller
155464,Romance
156434,Drama
156434,Comedy
159314,Romance
159314,Fantasy
159314,Drama
159314,Comedy
159734,Thriller
160754,Action
160754,History
160754,Drama
163424,Comedy
163424,Drama
163434,Comedy
163434,Thriller
163914,Family
163914,Romance
163914,Drama
166244,Drama
166244,Thriller
167114,Drama
167114,Comedy
167974,Action
167974,Music
168334,Drama
168334,Action
168864,Comedy
168864,Romance
168864,Drama
170084,Drama
170084,Romance
170554,Drama
170554,Comedy
174884,Comedy
174884,Action
174994,Music
174994,Drama
175824,Drama
175824,Romance
177214,Romance
177214,Family
177584,Drama
177864,Thriller
177864,Action
183924,Action
183924,Drama
184884,History
184884,Romance
184884,Drama
184994,Thriller
184994,Crime
186044,Thriller
186044,Mystery
186044,Drama
186594,Thriller
186594,Drama
189304,Comedy
189304,Drama
189304,Family
191174,Comedy
191174,Documentary
193354,Comedy
193354,Drama
193354,Family
194274,Action
194274,Drama
194834,Comedy
194834,Drama
201194,Drama
201194,Mystery
202994,Thriller
202994,Crime
202994,Horror
203694,Romance
203694,Thriller
203694,Action
205144,Drama
205694,Crime
205694,Drama
205694,Action
205834,Drama
205834,Romance
206644,Romance
206644,Comedy
209624,Action
209624,Drama
215874,War
215874,Action
215874,Drama
216324,Family
216324,Action
216324,Thriller
218744,Drama
218744,Thriller
218744,Comedy
219144,Drama
219144,Romance
219144,Family
222254,Adventure
222254,Action
222864,Thriller
222864,Action
223534,Thriller
223534,Mystery
223534,Drama
223534,History
223924,Romance
223924,Drama
227164,Drama
227584,Drama
227584,Crime
227584,Thriller
228394,Action
228394,Drama
228394,Thriller
228394,Crime
229344,Romance
229344,Comedy
232754,Romance
232754,Action
232754,Drama
11565,Comedy
11565,Family
11625,Comedy
11625,Family
12495,Crime
12495,Action
12495,Drama
14305,Romance
14305,Science Fiction
14305,Comedy
15815,Comedy
16255,Comedy
16255,Drama
23585,Thriller
23585,Action
23735,Crime
23735,Thriller
23825,Comedy
24145,Fantasy
24145,Horror
24145,Action
24505,Comedy
24505,Family
26455,Action
26455,Comedy
27295,Action
27295,Drama
27295,Crime
27985,Romance
27985,Comedy
27985,Drama
29105,Comedy
29105,Romance
33605,Drama
33605,Comedy
34095,Thriller
40085,Mystery
40085,Thriller
41745,Drama
41745,Crime
41745,Thriller
41745,Romance
43425,Action
43425,Thriller
43425,Crime
45605,Romance
46905,Romance
46905,Drama
47715,Action
47715,Drama
48135,Horror
48135,Thriller
48885,Drama
52885,Drama
52885,Thriller
52885,Crime
52895,Crime
52895,Action
57485,Comedy
57485,Drama
58135,Thriller
58135,Action
58755,Crime
58755,Thriller
58755,Drama
59135,Drama
59135,Thriller
59135,Mystery
106725,Comedy
106725,Crime
106725,Romance
106725,Thriller
106725,Drama
110355,Comedy
110355,Drama
110365,Comedy
110365,Romance
111465,Comedy
114595,Action
115155,Mystery
115155,Crime
115155,Thriller
115215,Romance
115215,Comedy
115215,Drama
115965,Comedy
115965,Romance
116615,Drama
116615,Comedy
116615,Thriller
119865,Drama
122415,Action
128565,Drama
128565,Comedy
130295,Romance
130295,Drama
131925,Comedy
131925,Drama
132325,Action
132325,Thriller
133125,Horror
133125,Thriller
133125,Mystery
133125,Crime
135115,Action
135115,Romance
135115,Comedy
135195,Horror
136885,Romance
136885,Comedy
136885,Drama
137955,Romance
137955,Thriller
139135,Action
139135,Drama
139135,Romance
139225,Drama
140285,Comedy
140285,Action
141095,Thriller
141095,Drama
141095,Crime
141105,Romance
141105,Action
141105,Comedy
145065,Crime
145065,Drama
145065,Thriller
147945,Romance
147945,Action
148635,Crime
148635,Adventure
148635,Action
154575,Drama
154575,Romance
154685,Family
154685,Drama
157285,Action
157285,Comedy
157285,Romance
157285,Drama
158785,Comedy
158785,Family
159735,Thriller
159735,Drama
160755,Drama
161195,Comedy
161195,Drama
161735,Action
161735,Adventure
161735,Fantasy
165035,Comedy
165035,Romance
169305,Action
169305,Romance
169305,Thriller
170455,Drama
170455,Comedy
170535,Comedy
170535,Family
170535,Drama
171215,Comedy
171215,Action
171215,Romance
172375,Crime
172375,Drama
172975,Comedy
172975,Drama
176635,Comedy
176635,Action
176635,Thriller
179115,Action
179115,Thriller
179825,Drama
179825,Family
179825,Romance
180395,Thriller
180395,Action
180395,Science Fiction
186465,Action
186465,Thriller
187695,Fantasy
187695,Mystery
187695,Horror
188855,Romance
188855,Drama
188855,Comedy
189735,Comedy
190725,Romance
190725,Thriller
190725,Action
190815,Romance
190815,Drama
191995,Action
196245,Romance
196245,Drama
196255,Crime
196255,Thriller
196825,Adventure
196825,Science Fiction
196825,Thriller
199195,Romance
199195,Action
199195,Fantasy
199725,Action
199725,Thriller
200575,Thriller
200575,Action
202225,Crime
202225,Drama
202415,Romance
202415,Drama
202455,Comedy
202455,Romance
203085,Comedy
203085,Thriller
203085,Action
204295,Comedy
204295,Drama
204295,Action
205835,Drama
207455,Drama
207455,Comedy
208715,Drama
210805,Action
210805,Science Fiction
210805,Fantasy
212795,Comedy
212795,Drama
216415,Animation
218025,Comedy
218025,Romance
218025,Drama
218625,Drama
218625,Music
219495,Action
219495,Thriller
221095,Drama
222855,Romance
222855,Drama
226635,Romance
226635,Comedy
229985,Drama
229995,Music
229995,Romance
229995,Comedy
230455,Thriller
230455,Drama
230455,Action
231205,Drama
231205,Romance
232155,Thriller
232155,Action
232155,Science Fiction
8776,Adventure
8776,Crime
8776,Action
10566,Drama
10566,Comedy
13126,Documentary
19786,Drama
19786,Action
19786,Thriller
19826,Romance
19826,Drama
19826,Family
20006,Drama
20006,Romance
21066,Drama
23016,Comedy
23016,Action
24146,Drama
24206,Drama
24206,Romance
24206,Comedy
24786,Romance
24786,Drama
24786,Comedy
25316,Drama
25316,Family
27456,Action
27456,Crime
27456,Drama
27456,Thriller
27986,Action
27986,Drama
29086,Drama
29476,Drama
30946,Comedy
30946,Drama
30946,Romance
31536,Action
31846,Science Fiction
32476,Drama
32476,Music
32476,Romance
34146,Thriller
34146,Action
37656,Documentary
39486,Romance
39486,Comedy
39486,Drama
39816,Crime
39816,Drama
41406,Romance
41406,Comedy
41676,Action
41676,Comedy
42056,Thriller
42056,Drama
43426,Crime
43426,Thriller
43426,Action
43556,Action
43806,Action
43806,Comedy
43806,Crime
44906,Drama
45916,Comedy
45916,Romance
45916,Drama
47436,Comedy
50156,Action
50156,Thriller
50856,Thriller
51426,Thriller
51426,Romance
51426,Horror
53706,Romance
53706,Drama
53956,Family
53956,Drama
57966,Documentary
58136,Action
58136,Adventure
58136,Crime
58136,Thriller
58756,Drama
58816,Drama
58816,Action
108816,Romance
108816,Drama
108906,Horror
108906,Comedy
109826,Comedy
109826,Drama
109826,Romance
109836,Romance
109836,Thriller
113406,Comedy
113406,Thriller
113406,Science Fiction
113866,Family
113866,Crime
113866,Drama
113866,Thriller
114596,Horror
115216,Comedy
115216,Romance
116616,Drama
116616,Comedy
117216,Action
117216,Drama
117216,Thriller
117876,Mystery
117876,Thriller
117876,Drama
118596,Drama
119866,Drama
119866,History
119866,Action
122416,Thriller
122416,Crime
122416,Action
122486,Drama
122486,Action
122486,Romance
124646,Action
125076,Romance
125076,Family
125076,Drama
125076,Action
128566,Fantasy
128566,Drama
128566,Family
132256,Action
132256,Thriller
136066,Action
136066,Drama
137966,Romance
137966,Drama
137966,Comedy
138796,Comedy
138796,Horror
139216,Comedy
139586,Thriller
139586,Drama
139586,Mystery
139586,Horror
141046,Adventure
141046,Drama
141046,History
141046,Romance
142626,Science Fiction
142626,Thriller
142626,Action
142626,Mystery
142786,Drama
143186,Comedy
143186,Family
143186,Adventure
145046,Comedy
145046,Horror
146786,Drama
146786,Crime
146896,Adventure
146896,Thriller
146896,Action
146896,Drama
157286,Romance
157286,Action
157796,Drama
157796,Action
159846,Comedy
159846,Drama
160326,Thriller
160326,Romance
163436,Action
163436,Thriller
163436,Drama
163906,Documentary
163906,Drama
163916,Comedy
165616,Thriller
165616,Fantasy
165616,Romance
167556,Drama
167556,Action
167556,Comedy
168386,Thriller
168386,Crime
168386,Action
168876,Comedy
172966,Comedy
172966,Fantasy
172966,Crime
173626,Drama
173626,Comedy
173626,Family
175136,Comedy
175136,Action
175136,Fantasy
175136,Horror
176636,Drama
176636,Family
178536,Comedy
178536,Romance
179016,Thriller
179016,Romance
184086,Action
184596,Adventure
184596,Comedy
184976,Thriller
184976,Horror
184976,Crime
187076,Action
189726,Drama
189726,Action
190936,Drama
190936,Comedy
191426,Drama
191426,Action
192656,Drama
192656,Comedy
198716,Drama
198716,Romance
198716,Comedy
199736,Romance
199736,Comedy
201196,Drama
201206,Comedy
201206,Drama
201206,Family
202786,Action
202786,Comedy
202996,Comedy
202996,Action
202996,Drama
202996,Romance
203696,Drama
203696,Comedy
204286,Drama
204286,Romance
204306,Drama
204306,Family
209616,Drama
210216,Drama
211716,Thriller
211716,Action
212706,Comedy
212706,Drama
212786,Comedy
216326,Mystery
216326,Crime
216326,Thriller
216826,Drama
216826,Romance
220346,Action
220346,Thriller
221666,Drama
221666,Comedy
222606,Drama
223536,Mystery
223536,Thriller
223536,Crime
223746,Drama
223746,Family
224086,Drama
224086,Crime
224086,Thriller
224496,Comedy
224496,Romance
230536,Crime
230536,Thriller
230546,Comedy
230546,Drama
232756,Comedy
232756,Romance
233706,Comedy
8777,Crime
8777,Romance
8777,Adventure
8777,Action
8777,Drama
8777,Thriller
9007,Comedy
9007,Romance
9177,Drama
9177,Romance
9177,Comedy
11617,Comedy
11617,Crime
11617,Action
13207,Romance
13207,Drama
13207,Action
14077,Crime
14077,Comedy
14317,Thriller
14317,Drama
14317,Romance
16257,Action
19787,Action
19787,Thriller
19787,Comedy
19787,Drama
20237,Drama
20237,Romance
20237,Comedy
21027,Drama
21027,Mystery
21027,Thriller
23537,Romance
23537,Comedy
24207,Romance
24207,Drama
24207,Action
24507,Horror
24507,Mystery
24507,Drama
25657,Comedy
25657,Drama
25657,Crime
25657,Action
26197,Comedy
26197,Crime
26817,Comedy
26817,Drama
26817,Family
29777,Comedy
29777,Action
29777,Drama
31427,Adventure
31427,Action
31427,Science Fiction
32487,Romance
32627,Drama
37807,Action
37807,Thriller
39487,Romance
41057,Drama
41057,Romance
42047,Comedy
42047,Romance
42667,Action
42667,Thriller
43817,Romance
43817,Drama
45207,Drama
45207,Comedy
48057,Drama
48897,Comedy
49217,Comedy
49217,Family
49217,Fantasy
49217,Drama
50567,Drama
50567,Romance
50567,Comedy
52537,Romance
52537,Comedy
52887,Drama
52887,Comedy
58087,Comedy
58087,Action
105827,Drama
105827,Romance
105827,Comedy
106327,Romance
106327,Thriller
106327,Mystery
106927,Comedy
106927,Family
106927,Drama
109237,Drama
109237,Family
109827,Action
109827,Drama
110707,Thriller
110707,Action
113867,Thriller
113867,Mystery
113867,Horror
115217,Family
117737,Thriller
117737,Drama
118597,Action
118597,Thriller
118597,Drama
122497,Action
122497,Romance
122497,Fantasy
123597,Comedy
123597,Drama
123597,Romance
123687,Comedy
125067,Drama
125067,Romance
125067,History
125077,Thriller
125077,Action
125317,Thriller
125317,Comedy
125807,Drama
128017,Action
128017,Thriller
128517,Drama
128517,Comedy
128517,Romance
128567,Comedy
132607,Romance
132607,Comedy
133647,Comedy
133647,Romance
135617,Family
135617,Drama
136447,Action
136447,Thriller
136957,Drama
136957,Family
136957,Romance
136957,Crime
138267,Thriller
139647,Family
139647,Drama
142777,Comedy
142777,Romance
146777,Drama
146777,Romance
146897,Fantasy
146897,Horror
146897,Comedy
148637,Romance
148637,Comedy
149337,Thriller
149517,Thriller
149517,Mystery
151357,Comedy
151357,Drama
154447,Thriller
154447,Drama
154577,Action
156087,Action
156087,Comedy
158267,Action
158267,Thriller
166157,Action
166157,Adventure
167257,Comedy
167547,Comedy
167547,Romance
168387,Drama
168387,Action
168387,Romance
170007,Thriller
170007,Action
170547,Thriller
170547,Romance
170547,Action
171677,Thriller
171677,Crime
171677,Action
172847,Family
172847,Drama
177867,Comedy
177867,Drama
177877,Comedy
179727,Comedy
179727,Drama
179827,Action
179827,Crime
179827,Drama
180737,Family
180737,Action
180737,Comedy
180817,Romance
180817,Drama
184097,Comedy
184097,Action
184097,Family
184097,Drama
184987,Comedy
184987,Thriller
190237,Family
190237,Romance
190237,Comedy
191997,Drama
193347,Thriller
193347,Action
193347,Crime
197277,Comedy
197277,Drama
197877,Animation
198207,Family
198207,Comedy
198207,Romance
198207,Action
199187,Comedy
199187,Action
199727,Drama
199737,Drama
199737,Comedy
200147,Thriller
200147,Action
201757,Comedy
201757,Drama
202297,Drama
202297,Romance
202467,Mystery
202467,Romance
202467,Thriller
205127,Crime
205127,Comedy
205127,Mystery
205127,Thriller
205167,Music
205167,Drama
205167,Comedy
205167,Romance
205707,Drama
205707,Action
205707,History
206477,Family
206477,Romance
207567,Drama
209617,Comedy
209617,Drama
212707,Science Fiction
212707,Thriller
216807,Action
216807,History
216807,Drama
218037,Horror
218037,Comedy
218137,History
219677,Drama
219677,Comedy
222867,Crime
222867,Mystery
222867,Drama
224087,Comedy
224087,Horror
224717,Family
224717,Drama
226007,Romance
226007,Comedy
226007,Drama
227817,Drama
227827,Comedy
227827,Horror
228397,Drama
232267,Comedy
232757,Drama
232757,Comedy
232757,Thriller
9488,Romance
9488,Drama
9488,History
10348,Comedy
10348,Action
10348,Drama
10748,Thriller
10748,Drama
10748,Crime
10748,Action
11628,Drama
12478,Action
12478,Science Fiction
12478,Fantasy
12928,Action
12928,Thriller
12928,Drama
15248,Drama
16058,Action
16058,Thriller
16058,Fantasy
16058,Drama
16288,Comedy
16288,Crime
19548,Drama
19548,Crime
20818,Drama
20818,Thriller
20818,Action
22598,Action
22598,War
22658,Fantasy
22658,Action
24788,Drama
24788,Thriller
24788,Mystery
25318,Drama
25318,Mystery
25948,Action
25948,Thriller
30108,Thriller
30108,Crime
30108,Drama
30108,Action
30118,Family
30118,Drama
39258,Romance
39258,Comedy
40828,Mystery
41508,Comedy
42338,Drama
42338,Action
43508,Fantasy
43508,Action
43508,Drama
43508,Comedy
44958,Romance
44958,Drama
44958,Comedy
45918,Action
45918,Crime
47088,Thriller
47088,Drama
47088,Crime
48078,Drama
49228,Action
50568,Horror
50568,Comedy
50568,Romance
50568,Thriller
51928,Documentary
53708,Adventure
53708,Drama
107658,Action
108398,Comedy
108398,Drama
108398,Mystery
108398,Fantasy
108398,Family
108648,Comedy
108648,Family
108648,Drama
110368,Thriller
110368,Comedy
111198,Romance
111198,Comedy
111528,Drama
111528,Romance
111528,Family
114208,Adventure
114208,Fantasy
114208,Action
115128,Drama
115128,Comedy
115968,Romance
115968,Comedy
122148,Drama
122148,Comedy
122588,Music
125068,Crime
125068,Comedy
125068,Action
125318,Comedy
125318,Drama
125318,Family
128938,Drama
128938,Action
128938,History
129888,Action
129888,Comedy
129888,Crime
129958,Action
129958,Crime
129958,Drama
133638,Comedy
135108,Science Fiction
135108,Thriller
135108,Action
135118,Drama
135118,Family
137958,Horror
140728,Family
140728,Thriller
140728,Drama
141108,Action
141108,Comedy
142038,Action
142038,Drama
142628,Thriller
142768,Romance
142768,Drama
143758,Thriller
143758,Action
144378,Drama
145058,Action
145058,Romance
145058,Comedy
149048,Drama
149048,Comedy
149048,Romance
149758,Thriller
156388,Comedy
156388,Crime
157278,Drama
157278,Romance
157278,War
157278,History
157288,Action
157288,Thriller
158268,Drama
158268,Comedy
158268,Romance
158868,Drama
158868,Family
159318,Action
159318,Family
160628,Thriller
160628,Crime
160628,Action
162408,Drama
162958,Romance
162958,Drama
166068,War
166068,Drama
166158,Action
166158,Thriller
167108,Comedy
167108,Family
167108,Romance
167118,Drama
169298,Comedy
169298,Romance
169298,Drama
170088,Action
170088,Comedy
171788,Crime
171788,Drama
171788,Thriller
172378,Thriller
172378,Adventure
172758,Thriller
172758,Action
172968,Family
172968,Romance
172968,Comedy
174878,Action
174878,Thriller
180828,Adventure
180828,Drama
184478,Mystery
184478,Thriller
184978,Action
184978,Thriller
186038,Comedy
186038,Romance
186468,Thriller
186468,Crime
188228,Drama
188228,Thriller
188228,Crime
189878,Action
189878,Thriller
192008,Horror
192008,Thriller
192008,Romance
193218,History
193218,Drama
193218,Thriller
193218,Action
196248,Adventure
196248,Crime
196248,Action
196248,Thriller
196258,Drama
196258,Music
196258,Comedy
198118,Comedy
198218,Thriller
199738,Family
199738,Romance
199738,Comedy
200148,Romance
200148,Comedy
200148,Drama
200568,Romance
201208,Romance
201208,Drama
201208,Comedy
201738,Comedy
201738,Horror
204168,Action
204168,Comedy
204168,Drama
205128,Adventure
205128,Thriller
205128,Action
205128,Crime
207568,Mystery
207568,Thriller
212788,Comedy
212788,Action
212798,Comedy
212798,Horror
213158,Action
213158,Drama
213158,Comedy
213158,Crime
215878,Action
215878,Drama
217538,Drama
217538,Action
219658,Drama
219658,Action
219658,Crime
219658,Western
221098,Action
221098,Thriller
222178,Horror
222178,Drama
222748,Drama
223538,Thriller
223538,Crime
223538,Romance
223538,Action
224078,Drama
224608,Drama
226118,Drama
226648,Action
226648,Thriller
228388,Action
228388,Drama
231198,Thriller
231198,Drama
232258,Thriller
232258,Action
232268,Romance
232268,Comedy
232768,Comedy
232768,Drama
233718,Crime
233718,Thriller
233718,Horror
233998,Documentary
234168,Drama
234168,Comedy
234248,Thriller
234248,Crime
234898,Crime
234898,Action
234898,Comedy
235348,Thriller
235348,Adventure
235348,Action
236088,Comedy
236088,Drama
236088,Romance
236238,Comedy
236648,Drama
9489,Drama
9489,Romance
9719,Comedy
10099,Crime
10099,Thriller
10099,Drama
12189,Drama
12189,Comedy
12189,Romance
15809,Romance
15809,Comedy
15809,Drama
19549,Thriller
19719,Comedy
19719,Action
19789,Music
19789,Drama
19789,Comedy
19789,Romance
19789,Action
20199,Thriller
20199,Crime
20199,Mystery
20539,Action
20539,Crime
20539,Thriller
21259,Family
21589,Drama
22659,Comedy
24789,Romance
24789,Drama
25279,Comedy
25279,Romance
25279,Drama
26199,Drama
26759,Thriller
26759,Drama
26759,Action
26759,Crime
28549,Thriller
28549,Action
30109,Drama
33839,Comedy
33839,Drama
33839,Romance
34359,Romance
34359,Comedy
34359,Action
37849,Comedy
38669,Action
38669,Crime
38899,Comedy
38899,Romance
38899,Drama
38909,Family
38909,Drama
44959,Drama
45559,Action
45559,Fantasy
45559,Comedy
46669,Thriller
47659,Drama
50159,Comedy
50159,Romance
50589,Action
50589,Comedy
50589,Mystery
52039,Drama
52039,Romance
52049,Romance
52049,Comedy
53959,Drama
53959,Comedy
57259,Thriller
57259,Adventure
58459,Comedy
58459,Action
59069,Drama
107249,Drama
107249,Romance
108019,Mystery
108019,Drama
108019,Action
108339,Action
108339,Drama
109459,Comedy
110369,History
110369,Drama
110759,Crime
110759,Thriller
114659,Drama
114659,Romance
115619,Comedy
115619,Drama
116299,Drama
116309,Comedy
116309,Adventure
116539,Comedy
116539,Action
116539,Romance
117209,Action
117209,Comedy
118689,Comedy
118689,Romance
119869,Thriller
119869,Action
120379,History
120379,Drama
120389,Thriller
120389,Horror
125819,Drama
125819,Romance
128519,Action
128519,Thriller
128519,Drama
128959,Comedy
129949,Drama
129949,Romance
130309,Drama
130309,Romance
130719,Drama
130719,Thriller
133639,Comedy
133639,Action
134189,Drama
134949,Comedy
134949,Drama
135619,Action
135619,Comedy
136959,Comedy
136959,Romance
137949,Drama
137949,Crime
140289,Romance
140289,Drama
140719,Drama
140729,Drama
143879,Romance
143879,Drama
143879,Action
145039,Comedy
145039,Romance
145779,Drama
145779,Comedy
148639,Romance
148639,Thriller
151309,Action
151309,Thriller
151309,Mystery
151309,Crime
151359,Drama
155379,Crime
155379,Thriller
155379,Action
155989,Action
155989,Crime
157789,Thriller
157789,Comedy
157789,Action
159239,Comedy
159239,Adventure
160329,Action
160329,Thriller
160329,Crime
160339,War
160339,Drama
160759,Thriller
160759,Horror
162959,Comedy
162959,Romance
163329,Romance
163329,Drama
164509,Drama
166599,Comedy
166599,Thriller
166599,Drama
167119,Comedy
167969,Drama
167969,Comedy
167969,Romance
168869,Crime
168869,Thriller
169299,Drama
169299,Romance
169309,Action
169309,Romance
169309,Thriller
170099,Thriller
170099,Action
170099,Crime
171319,Drama
171789,Action
171789,Thriller
171789,Drama
172979,Comedy
172979,Romance
172979,Drama
178649,Comedy
178649,Romance
178649,Drama
180829,Romance
180829,Comedy
180829,Action
184089,Drama
184459,Fantasy
184459,Adventure
185099,Drama
185099,Family
185599,Romance
185599,Action
185599,Comedy
190229,Documentary
190309,Thriller
190309,Comedy
190329,Action
190329,Family
191999,Drama
192669,Horror
192669,Comedy
192789,Comedy
192789,Romance
193819,Comedy
193819,Romance
193819,Action
194359,Drama
199189,Thriller
199189,Comedy
199189,Action
199729,Romance
199729,Comedy
201759,Comedy
201759,Drama
203569,Thriller
204289,Comedy
204289,Family
204289,Drama
205309,Drama
217519,Romance
217519,Drama
217529,Drama
217529,Family
217529,Music
218639,Action
218639,Romance
219129,Comedy
219129,Drama
219659,Comedy
219659,Romance
221549,Drama
221549,War
221549,Action
221549,History
222249,Science Fiction
222249,Thriller
222249,Comedy
222249,Drama
222249,Crime
222259,Action
222259,Drama
222259,Thriller
222869,Comedy
222869,Romance
223539,Thriller
223539,Family
223539,Comedy
223539,Action
223549,Thriller
223549,Drama
223549,Action
225819,Drama
225819,Family
227819,Drama
227819,Comedy
230539,Drama
230539,Crime
230549,Action
230549,Crime
230549,Thriller
231199,Action
231709,Comedy
232159,Thriller
232159,Action
232159,Crime
232259,Thriller
233633,Thriller
233817,Drama
233817,Romance
234244,History
234244,Drama
234256,Crime
234256,Action
234905,Music
234905,Comedy
235721,Family
235721,Comedy
235721,Drama
235892,Drama
235892,Thriller
236204,Thriller
236204,Crime
236204,Action
236216,Drama
236216,Crime
236232,Thriller
236232,Drama
236232,Crime
236245,Thriller
236257,Comedy
236257,Drama
236263,Family
236263,Thriller
236267,Romance
236813,Action
236813,Drama
236904,Crime
236904,Thriller
236904,Drama
236906,Crime
236906,Comedy
236906,Thriller
237519,Action
237519,Thriller
237521,Romance
237527,Action
237527,Thriller
237641,Thriller
237641,Drama
238331,History
238331,War
238331,Drama
238337,Action
238337,Comedy
238340,Comedy
238340,Drama
239038,Drama
239038,Action
239043,Comedy
239043,Drama
239276,Drama
239276,Comedy
239278,Comedy
239278,Drama
239300,Comedy
239839,Drama
239839,Music
239839,Romance
239946,Thriller
239946,Horror
240111,Horror
240111,Comedy
240899,Family
240899,Drama
240902,Comedy
240902,Family
240902,Drama
240905,Drama
240905,Romance
240906,Drama
240906,Action
241106,Drama
241106,Comedy
241245,Romance
241245,Drama
241255,Drama
241753,Action
241753,Thriller
241753,Crime
241760,Drama
241760,Action
241760,Family
241762,Drama
241762,Romance
241762,Comedy
241768,Drama
241768,Comedy
241770,Drama
241783,Comedy
242515,Action
242515,Thriller
242710,Drama
242710,Comedy
242720,Drama
242720,Comedy
243380,Comedy
243380,Romance
243503,Comedy
243503,Drama
243511,Drama
244379,Romance
244379,Action
244394,Thriller
244394,Action
244399,Drama
244399,Action
245014,Drama
245014,Romance
245137,Drama
245137,Comedy
245149,Drama
245149,Action
245306,Comedy
245306,Crime
245306,Thriller
245306,Drama
245755,Thriller
245755,Action
245859,Romance
245859,Action
245859,Drama
245867,Romance
245867,Comedy
245871,Thriller
245871,Romance
246612,Drama
246612,Thriller
246723,Comedy
246723,Romance
246725,Action
246725,War
246725,Romance
246725,History
246738,Drama
246738,Horror
246738,Thriller
247324,Action
247324,Crime
247324,Thriller
247330,Adventure
247330,War
247330,History
247330,Action
247330,Thriller
247490,Action
247490,Comedy
247490,Drama
247490,Family
247491,Action
247491,Crime
247986,Thriller
247986,Action
248093,Drama
248093,Thriller
248093,Mystery
248093,Action
248094,Comedy
248094,Action
248094,Crime
248098,Comedy
248098,Romance
248098,Family
248101,Drama
248104,Action
248104,Drama
248104,Thriller
248403,Comedy
248403,Thriller
248403,Crime
248500,Romance
248500,Drama
248571,Family
248571,Drama
248571,Romance
248571,Comedy
248573,Western
248573,Adventure
248573,Action
248573,Fantasy
248573,Comedy
248578,Thriller
248578,Mystery
248578,Crime
248578,Drama
